Tijdstempel,Geef je naam op,Geef je email adres op,Welk thema vind jij het interessantst?
2023-04-12 18:37:28.332575,Alice Schaefer,AliceSchaefer@email.com,"6,7,8,9,10"
2023-04-12 18:37:28.332575,Jada Galvan,JadaGalvan@email.com,"7,5,2,10,9"
2023-04-12 18:37:28.332575,Trey Cain,TreyCain@email.com,"8,10,6,7,9"
2023-04-12 18:37:28.332575,Nathalie Manning,NathalieManning@email.com,"10,6,2,7,5"
2023-04-12 18:37:28.332575,Emma Maldonado,EmmaMaldonado@email.com,"5,3,10,4,7"
2023-04-12 18:37:28.332575,Jason McClure,JasonMcClure@email.com,"10,6,1,9,3"
2023-04-12 18:37:28.332575,Martha Bush,MarthaBush@email.com,"6,4,7,8,9"
2023-04-12 18:37:28.332575,Elena Schmitt,ElenaSchmitt@email.com,"10,8,9,5,6"
2023-04-12 18:37:28.332575,Maggie Becker,MaggieBecker@email.com,"9,1,2,10,8"
2023-04-12 18:37:28.332575,Colin Hendricks,ColinHendricks@email.com,"5,6,7,3,9"
2023-04-12 18:37:28.332575,Clyde Mahoney,ClydeMahoney@email.com,"7,9,3,8,5"
2023-04-12 18:37:28.332575,Axl Black,AxlBlack@email.com,"8,10,4,9,7"
2023-04-12 18:37:28.332575,Mordechai Ellis,MordechaiEllis@email.com,"10,5,3,7,6"
2023-04-12 18:37:28.333572,Avery Lucero,AveryLucero@email.com,"4,6,10,3,8"
2023-04-12 18:37:28.333572,Forest Mitchell,ForestMitchell@email.com,"8,10,9,5,7"
2023-04-12 18:37:28.333572,Gunnar Poole,GunnarPoole@email.com,"9,6,10,8,7"
2023-04-12 18:37:28.333572,Austin Bernal,AustinBernal@email.com,"9,10,4,5,6"
2023-04-12 18:37:28.333572,Robert English,RobertEnglish@email.com,"2,6,8,10,5"
2023-04-12 18:37:28.333572,Kingsley Floyd,KingsleyFloyd@email.com,"6,10,8,9,3"
2023-04-12 18:37:28.333572,Jade Romero,JadeRomero@email.com,"3,6,9,4,8"
2023-04-12 18:37:28.333572,Joshua Cantu,JoshuaCantu@email.com,"4,7,5,8,3"
2023-04-12 18:37:28.333572,Trey Cain,TreyCain@email.com,"4,6,8,5,7"
2023-04-12 18:37:28.333572,Elisa Gibson,ElisaGibson@email.com,"9,8,5,3,10"
2023-04-12 18:37:28.333572,Wade Hartman,WadeHartman@email.com,"8,7,6,9,4"
2023-04-12 18:37:28.333572,Jillian Gaines,JillianGaines@email.com,"9,7,4,10,6"
2023-04-12 18:37:28.333572,Edison Schroeder,EdisonSchroeder@email.com,"9,1,7,10,5"
2023-04-12 18:37:28.333572,Frida Nguyen,FridaNguyen@email.com,"7,10,5,1,2"
2023-04-12 18:37:28.333572,Roy Nelson,RoyNelson@email.com,"10,3,8,9,7"
2023-04-12 18:37:28.333572,Hannah Madden,HannahMadden@email.com,"7,9,10,6,5"
2023-04-12 18:37:28.333572,Gwen Chase,GwenChase@email.com,"1,8,10,9,4"
2023-04-12 18:37:28.333572,Rudy Juarez,RudyJuarez@email.com,"10,8,9,7,5"
2023-04-12 18:37:28.333572,Alexia Barr,AlexiaBarr@email.com,"6,7,10,9,5"
2023-04-12 18:37:28.333572,Holland Duncan,HollandDuncan@email.com,"10,6,1,4,9"
2023-04-12 18:37:28.333572,Isaiah Trejo,IsaiahTrejo@email.com,"8,6,9,4,10"
2023-04-12 18:37:28.333572,Alfred Jordan,AlfredJordan@email.com,"10,9,6,7,5"
2023-04-12 18:37:28.333572,Noah Kelly,NoahKelly@email.com,"9,1,4,5,2"
2023-04-12 18:37:28.333572,Miracle Pope,MiraclePope@email.com,"4,8,10,6,9"
2023-04-12 18:37:28.333572,Foster Barrera,FosterBarrera@email.com,"1,4,8,10,5"
2023-04-12 18:37:28.333572,Kade Washington,KadeWashington@email.com,"8,9,10,7,6"
2023-04-12 18:37:28.333572,Roger Hess,RogerHess@email.com,"10,7,5,6,8"
2023-04-12 18:37:28.333572,June Macdonald,JuneMacdonald@email.com,"8,9,6,3,7"
2023-04-12 18:37:28.333572,Pedro Weeks,PedroWeeks@email.com,"3,10,6,9,8"
2023-04-12 18:37:28.333572,Jillian Gaines,JillianGaines@email.com,"6,7,8,4,3"
2023-04-12 18:37:28.333572,Leo Moody,LeoMoody@email.com,"2,6,9,4,10"
2023-04-12 18:37:28.333572,Zayn Boyd,ZaynBoyd@email.com,"4,9,5,8,7"
2023-04-12 18:37:28.333572,Adonis Olsen,AdonisOlsen@email.com,"3,2,10,9,8"
2023-04-12 18:37:28.333572,Dexter Berry,DexterBerry@email.com,"3,5,9,10,4"
2023-04-12 18:37:28.333572,Jase Vaughan,JaseVaughan@email.com,"5,3,4,8,7"
2023-04-12 18:37:28.333572,Alexis Winters,AlexisWinters@email.com,"10,9,4,8,7"
2023-04-12 18:37:28.333572,Leilany Love,LeilanyLove@email.com,"3,5,6,8,10"
2023-04-12 18:37:28.333572,Alvaro Hendricks,AlvaroHendricks@email.com,"10,6,9,2,3"
2023-04-12 18:37:28.333572,Artemis Quintana,ArtemisQuintana@email.com,"6,7,8,9,3"
2023-04-12 18:37:28.333572,Frida Nguyen,FridaNguyen@email.com,"7,3,4,9,8"
2023-04-12 18:37:28.333572,Henry Boyd,HenryBoyd@email.com,"6,7,1,9,8"
2023-04-12 18:37:28.337594,Danielle Neal,DanielleNeal@email.com,"10,8,5,9,1"
2023-04-12 18:37:28.337594,Muhammad Winters,MuhammadWinters@email.com,"8,9,1,2,10"
2023-04-12 18:37:28.337594,Eleanor Heath,EleanorHeath@email.com,"10,5,7,3,6"
2023-04-12 18:37:28.337594,Karter Burch,KarterBurch@email.com,"5,10,3,8,1"
2023-04-12 18:37:28.337594,Braelyn Gordon,BraelynGordon@email.com,"5,8,9,10,2"
2023-04-12 18:37:28.337594,Angelina Rush,AngelinaRush@email.com,"2,10,5,8,7"
2023-04-12 18:37:28.337594,Harmoni Walter,HarmoniWalter@email.com,"7,5,6,10,8"
2023-04-12 18:37:28.337594,Mario Sloan,MarioSloan@email.com,"7,5,3,10,9"
2023-04-12 18:37:28.337594,Kylen Jarvis,KylenJarvis@email.com,"9,10,1,6,3"
2023-04-12 18:37:28.337594,Marcos Alexander,MarcosAlexander@email.com,"1,10,9,5,3"
2023-04-12 18:37:28.337594,Omari Preston,OmariPreston@email.com,"9,8,2,6,7"
2023-04-12 18:37:28.337594,Rosemary Nixon,RosemaryNixon@email.com,"8,9,4,7,10"
2023-04-12 18:37:28.337594,Kinsley Suarez,KinsleySuarez@email.com,"3,7,10,8,9"
2023-04-12 18:37:28.337594,Shiloh Stephenson,ShilohStephenson@email.com,"4,8,3,9,10"
2023-04-12 18:37:28.337594,Seth Roberts,SethRoberts@email.com,"5,6,8,9,3"
2023-04-12 18:37:28.337594,Liv Atkins,LivAtkins@email.com,"8,3,5,6,10"
2023-04-12 18:37:28.337594,Edith Hood,EdithHood@email.com,"7,6,9,3,10"
2023-04-12 18:37:28.337594,Sonny Romero,SonnyRomero@email.com,"8,10,7,3,9"
2023-04-12 18:37:28.337594,Rosa Cisneros,RosaCisneros@email.com,"8,6,9,7,10"
2023-04-12 18:37:28.337594,Dani Cortez,DaniCortez@email.com,"9,6,10,4,5"
2023-04-12 18:37:28.337594,Emir Burton,EmirBurton@email.com,"1,5,7,8,9"
2023-04-12 18:37:28.337594,Avery Vaughn,AveryVaughn@email.com,"6,2,5,7,4"
2023-04-12 18:37:28.337594,Soren Curtis,SorenCurtis@email.com,"1,7,8,10,6"
2023-04-12 18:37:28.337594,Kamiyah Tang,KamiyahTang@email.com,"4,10,8,6,3"
2023-04-12 18:37:28.337594,Kailani Campbell,KailaniCampbell@email.com,"9,5,6,10,8"
2023-04-12 18:37:28.337594,Sadie Booth,SadieBooth@email.com,"10,8,5,9,7"
2023-04-12 18:37:28.337594,Nicolas Novak,NicolasNovak@email.com,"8,9,10,6,1"
2023-04-12 18:37:28.337594,Jacoby Gross,JacobyGross@email.com,"1,5,2,4,9"
2023-04-12 18:37:28.337594,Kendra Contreras,KendraContreras@email.com,"8,7,3,4,10"
2023-04-12 18:37:28.337594,Karter Burch,KarterBurch@email.com,"3,9,10,7,5"
2023-04-12 18:37:28.337594,Alonzo Leach,AlonzoLeach@email.com,"4,10,7,6,8"
2023-04-12 18:37:28.338596,Jillian Gaines,JillianGaines@email.com,"5,7,3,10,8"
2023-04-12 18:37:28.338596,Gabriel Ford,GabrielFord@email.com,"4,6,10,5,7"
2023-04-12 18:37:28.338596,Valentino Rosario,ValentinoRosario@email.com,"9,3,6,10,8"
2023-04-12 18:37:28.338596,Georgia Brewer,GeorgiaBrewer@email.com,"10,9,8,3,6"
2023-04-12 18:37:28.338596,Promise Schultz,PromiseSchultz@email.com,"8,9,4,7,2"
2023-04-12 18:37:28.338596,Frances Vega,FrancesVega@email.com,"10,9,1,7,4"
2023-04-12 18:37:28.338596,Ford Haynes,FordHaynes@email.com,"2,6,3,9,10"
2023-04-12 18:37:28.338596,Vada Marin,VadaMarin@email.com,"5,7,9,8,6"
2023-04-12 18:37:28.338596,Iyla Murphy,IylaMurphy@email.com,"7,9,8,2,10"
2023-04-12 18:37:28.338596,Dallas Cunningham,DallasCunningham@email.com,"7,9,10,4,6"
2023-04-12 18:37:28.338596,Aila Kirby,AilaKirby@email.com,"4,9,6,10,7"
2023-04-12 18:37:28.338596,Amber Harrington,AmberHarrington@email.com,"8,5,9,6,7"
2023-04-12 18:37:28.338596,Myra Herman,MyraHerman@email.com,"9,8,7,5,6"
2023-04-12 18:37:28.338596,Scout Fry,ScoutFry@email.com,"7,10,9,3,5"
2023-04-12 18:37:28.338596,Chaya Hubbard,ChayaHubbard@email.com,"7,10,8,9,5"
2023-04-12 18:37:28.338596,Alianna Perez,AliannaPerez@email.com,"5,9,8,3,6"
2023-04-12 18:37:28.338596,Rylie Fowler,RylieFowler@email.com,"9,10,8,3,6"
2023-04-12 18:37:28.338596,Leyla Moody,LeylaMoody@email.com,"6,3,8,10,2"
2023-04-12 18:37:28.338596,Mylah Nash,MylahNash@email.com,"5,4,2,9,7"
2023-04-12 18:37:28.338596,Oaklyn Tapia,OaklynTapia@email.com,"10,9,6,4,5"
2023-04-12 18:37:28.338596,Edith Hood,EdithHood@email.com,"7,8,3,4,10"
2023-04-12 18:37:28.338596,Ryland Mann,RylandMann@email.com,"5,3,10,4,8"
2023-04-12 18:37:28.338596,Thaddeus Cook,ThaddeusCook@email.com,"7,4,9,6,3"
2023-04-12 18:37:28.338596,Meghan Scott,MeghanScott@email.com,"8,7,5,4,3"
2023-04-12 18:37:28.338596,Gianna Frost,GiannaFrost@email.com,"10,6,5,8,1"
2023-04-12 18:37:28.338596,Lucy Benson,LucyBenson@email.com,"5,4,9,10,8"
2023-04-12 18:37:28.338596,Nasir Klein,NasirKlein@email.com,"10,5,7,9,4"
2023-04-12 18:37:28.338596,Molly Glenn,MollyGlenn@email.com,"10,4,7,6,8"
2023-04-12 18:37:28.338596,Cataleya Newman,CataleyaNewman@email.com,"3,8,4,9,5"
2023-04-12 18:37:28.338596,Alessia Mejia,AlessiaMejia@email.com,"6,5,3,8,9"
2023-04-12 18:37:28.338596,Bethany Villanueva,BethanyVillanueva@email.com,"1,10,8,5,6"
2023-04-12 18:37:28.338596,Hayes Waller,HayesWaller@email.com,"8,7,6,10,4"
2023-04-12 18:37:28.338596,Zayd Oâ€™Connell,ZaydOâ€™Connell@email.com,"4,10,6,9,5"
2023-04-12 18:37:28.338596,Angelina Lim,AngelinaLim@email.com,"10,9,7,1,6"
2023-04-12 18:37:28.338596,Declan Guzman,DeclanGuzman@email.com,"1,8,4,5,7"
2023-04-12 18:37:28.338596,Nelson Ingram,NelsonIngram@email.com,"9,6,4,10,5"
2023-04-12 18:37:28.338596,Kane Odom,KaneOdom@email.com,"6,4,7,10,9"
2023-04-12 18:37:28.338596,Salvatore Dougherty,SalvatoreDougherty@email.com,"1,4,10,8,7"